abrahao2018agriculture-operations\abrahao2018agriculture-operations_tx001.ttl
abrahao2018agriculture-operations\abrahao2018agriculture-operations_tx002.ttl
abrahao2018agriculture-operations\abrahao2018agriculture-operations_tx003.ttl
aguiar2018rdbs-o\aguiar2018rdbs-o_tx003.ttl
aguiar2018rdbs-o\aguiar2018rdbs-o_tx004.ttl
aguiar2018rdbs-o\aguiar2018rdbs-o_tx005.ttl
aguiar2018rdbs-o\aguiar2018rdbs-o_tx006.ttl
aguiar2019ooco\aguiar2019ooco_tx001.ttl
aguiar2019ooco\aguiar2019ooco_tx003.ttl
aguiar2019ooco\aguiar2019ooco_tx004.ttl
aires2022valuenetworks-geo\aires2022valuenetworks-geo_tx001.ttl
aires2022valuenetworks-geo\aires2022valuenetworks-geo_tx002.ttl
aires2022valuenetworks-geo\aires2022valuenetworks-geo_tx003.ttl
albuquerque2011ontobio\albuquerque2011ontobio_tx009.ttl
alpinebits2022\alpinebits2022_tx010.ttl
amaral2019rot\amaral2019rot_tx002.ttl
amaral2019rot\amaral2019rot_tx003.ttl
amaral2019rot\amaral2019rot_tx004.ttl
amaral2020rome\amaral2020rome_tx002.ttl
amaral2020rome\amaral2020rome_tx003.ttl
amaral2022ethical-requirements\amaral2022ethical-requirements_tx001.ttl
andrade2023integracao\andrade2023integracao_tx001.ttl
andrade2023integracao\andrade2023integracao_tx002.ttl
andrade2023integracao\andrade2023integracao_tx004.ttl
aristotle-ontology2019\aristotle-ontology2019_tx001.ttl
aristotle-ontology2019\aristotle-ontology2019_tx002.ttl
aristotle-ontology2019\aristotle-ontology2019_tx003.ttl
aristotle-ontology2019\aristotle-ontology2019_tx004.ttl
aristotle-ontology2019\aristotle-ontology2019_tx005.ttl
aristotle-ontology2019\aristotle-ontology2019_tx006.ttl
aristotle-ontology2019\aristotle-ontology2019_tx007.ttl
aristotle-ontology2019\aristotle-ontology2019_tx008.ttl
aristotle-ontology2019\aristotle-ontology2019_tx009.ttl
aristotle-ontology2019\aristotle-ontology2019_tx010.ttl
aristotle-ontology2019\aristotle-ontology2019_tx011.ttl
aristotle-ontology2019\aristotle-ontology2019_tx012.ttl
aristotle-ontology2019\aristotle-ontology2019_tx013.ttl
aristotle-ontology2019\aristotle-ontology2019_tx014.ttl
aristotle-ontology2019\aristotle-ontology2019_tx015.ttl
aristotle-ontology2019\aristotle-ontology2019_tx016.ttl
aristotle-ontology2019\aristotle-ontology2019_tx017.ttl
aristotle-ontology2019\aristotle-ontology2019_tx018.ttl
aristotle-ontology2019\aristotle-ontology2019_tx019.ttl
aristotle-ontology2019\aristotle-ontology2019_tx020.ttl
bank-model\bank-model_tx002.ttl
bank-model\bank-model_tx003.ttl
barcelos2013normative-acts\barcelos2013normative-acts_tx001.ttl
barcelos2013normative-acts\barcelos2013normative-acts_tx002.ttl
barcelos2013normative-acts\barcelos2013normative-acts_tx003.ttl
barcelos2013normative-acts\barcelos2013normative-acts_tx004.ttl
barcelos2013normative-acts\barcelos2013normative-acts_tx005.ttl
barcelos2013normative-acts\barcelos2013normative-acts_tx006.ttl
barcelos2013normative-acts\barcelos2013normative-acts_tx007.ttl
barcelos2013normative-acts\barcelos2013normative-acts_tx008.ttl
barcelos2015transport-networks\barcelos2015transport-networks_tx003.ttl
barcelos2015transport-networks\barcelos2015transport-networks_tx004.ttl
barcelos2015transport-networks\barcelos2015transport-networks_tx006.ttl
barcelos2015transport-networks\barcelos2015transport-networks_tx007.ttl
barcelos2015transport-networks\barcelos2015transport-networks_tx008.ttl
barcelos2015transport-networks\barcelos2015transport-networks_tx009.ttl
barcelos2015transport-networks\barcelos2015transport-networks_tx011.ttl
barcelos2015transport-networks\barcelos2015transport-networks_tx012.ttl
barros2020programming\barros2020programming_tx001.ttl
bernasconi2021ontovcm\bernasconi2021ontovcm_tx001.ttl
bernasconi2021ontovcm\bernasconi2021ontovcm_tx002.ttl
bernasconi2021ontovcm\bernasconi2021ontovcm_tx003.ttl
bernasconi2021ontovcm\bernasconi2021ontovcm_tx004.ttl
bernasconi2021ontovcm\bernasconi2021ontovcm_tx005.ttl
bernasconi2021ontovcm\bernasconi2021ontovcm_tx006.ttl
bernasconi2021ontovcm\bernasconi2021ontovcm_tx007.ttl
brazilian-governmental-organizational-structures\brazilian-governmental-organizational-structures_tx001.ttl
buchtela2020connection\buchtela2020connection_tx001.ttl
buchtela2020connection\buchtela2020connection_tx002.ttl
buchtela2020connection\buchtela2020connection_tx003.ttl
buchtela2020connection\buchtela2020connection_tx004.ttl
buchtela2020connection\buchtela2020connection_tx005.ttl
buchtela2020connection\buchtela2020connection_tx006.ttl
buridan-ontology2021\buridan-ontology2021_tx001.ttl
buridan-ontology2021\buridan-ontology2021_tx002.ttl
buridan-ontology2021\buridan-ontology2021_tx003.ttl
buridan-ontology2021\buridan-ontology2021_tx004.ttl
buridan-ontology2021\buridan-ontology2021_tx005.ttl
buridan-ontology2021\buridan-ontology2021_tx006.ttl
carolla2014campus-management\carolla2014campus-management_tx001.ttl
carolla2014campus-management\carolla2014campus-management_tx002.ttl
castro2012cloudvulnerability\castro2012cloudvulnerability_tx001.ttl
castro2012cloudvulnerability\castro2012cloudvulnerability_tx002.ttl
castro2012cloudvulnerability\castro2012cloudvulnerability_tx005.ttl
cgts2021sebim\cgts2021sebim_tx001.ttl
cgts2021sebim\cgts2021sebim_tx002.ttl
cgts2021sebim\cgts2021sebim_tx003.ttl
clergy-ontology\clergy-ontology_tx001.ttl
construction-model\construction-model_tx001.ttl
derave2019dpo\derave2019dpo_tx002.ttl
derave2019dpo\derave2019dpo_tx003.ttl
derave2019dpo\derave2019dpo_tx005.ttl
derave2019dpo\derave2019dpo_tx007.ttl
derave2019dpo\derave2019dpo_tx009.ttl
derave2019dpo\derave2019dpo_tx010.ttl
derave2019dpo\derave2019dpo_tx011.ttl
derave2019dpo\derave2019dpo_tx012.ttl
derave2019dpo\derave2019dpo_tx013.ttl
derave2019dpo\derave2019dpo_tx014.ttl
derave2019dpo\derave2019dpo_tx015.ttl
derave2019dpo\derave2019dpo_tx016.ttl
derave2019dpo\derave2019dpo_tx017.ttl
derave2019dpo\derave2019dpo_tx018.ttl
digitaldoctor2022\digitaldoctor2022_tx001.ttl
dpo2017\dpo2017_tx003.ttl
duarte2020jogabilidade\duarte2020jogabilidade_tx001.ttl
duarte2020jogabilidade\duarte2020jogabilidade_tx002.ttl
elikan2018brand-identity\elikan2018brand-identity_tx001.ttl
elikan2018brand-identity\elikan2018brand-identity_tx002.ttl
eu-rent-refactored2022\eu-rent-refactored2022_tx001.ttl
eu-rent-refactored2022\eu-rent-refactored2022_tx003.ttl
eu-rent-refactored2022\eu-rent-refactored2022_tx004.ttl
falduci2022non-consensual-pornography\falduci2022non-consensual-pornography_tx001.ttl
falduci2022non-consensual-pornography\falduci2022non-consensual-pornography_tx003.ttl
fernandez-cejas2022curie-o\fernandez-cejas2022curie-o_tx001.ttl
fernandez-cejas2022curie-o\fernandez-cejas2022curie-o_tx002.ttl
fernandez-cejas2022curie-o\fernandez-cejas2022curie-o_tx003.ttl
ferreira2015ontoemergeplan\ferreira2015ontoemergeplan_tx005.ttl
ferreira2015ontoemergeplan\ferreira2015ontoemergeplan_tx006.ttl
fischer2018ontorea\fischer2018ontorea_tx004.ttl
fonseca2022incorporating\fonseca2022incorporating_tx001.ttl
fonseca2022incorporating\fonseca2022incorporating_tx002.ttl
fonseca2022incorporating\fonseca2022incorporating_tx003.ttl
fonseca2022incorporating\fonseca2022incorporating_tx004.ttl
fonseca2022incorporating\fonseca2022incorporating_tx006.ttl
fraller2019abc\fraller2019abc_tx001.ttl
fraller2019abc\fraller2019abc_tx002.ttl
fraller2019abc\fraller2019abc_tx003.ttl
fraller2019abc\fraller2019abc_tx004.ttl
franco2018rpg\franco2018rpg_tx001.ttl
franco2018rpg\franco2018rpg_tx002.ttl
franco2018rpg\franco2018rpg_tx003.ttl
franco2018rpg\franco2018rpg_tx004.ttl
freshbz2023\freshbz2023_tx001.ttl
freshbz2023\freshbz2023_tx002.ttl
freshbz2023\freshbz2023_tx003.ttl
freshbz2023\freshbz2023_tx004.ttl
freshbz2023\freshbz2023_tx005.ttl
freshbz2023\freshbz2023_tx006.ttl
freshbz2023\freshbz2023_tx007.ttl
freshbz2023\freshbz2023_tx008.ttl
freshbz2023\freshbz2023_tx009.ttl
freshbz2023\freshbz2023_tx010.ttl
freshbz2023\freshbz2023_tx011.ttl
freshbz2023\freshbz2023_tx012.ttl
freshbz2023\freshbz2023_tx013.ttl
freshbz2023\freshbz2023_tx014.ttl
freshbz2023\freshbz2023_tx015.ttl
fumagalli2022criminal-investigation\fumagalli2022criminal-investigation_tx001.ttl
g809-2015\g809-2015_tx001.ttl
g809-2015\g809-2015_tx002.ttl
g809-2015\g809-2015_tx003.ttl
g809-2015\g809-2015_tx004.ttl
g809-2015\g809-2015_tx005.ttl
g809-2015\g809-2015_tx006.ttl
gi2mo\gi2mo_tx002.ttl
gi2mo\gi2mo_tx005.ttl
gi2mo\gi2mo_tx006.ttl
goncalves2011ecg\goncalves2011ecg_tx001.ttl
goncalves2011ecg\goncalves2011ecg_tx002.ttl
goncalves2011ecg\goncalves2011ecg_tx003.ttl
goncalves2011ecg\goncalves2011ecg_tx004.ttl
goncalves2011ecg\goncalves2011ecg_tx005.ttl
goncalves2011ecg\goncalves2011ecg_tx007.ttl
goncalves2011ecg\goncalves2011ecg_tx008.ttl
goncalves2011ecg\goncalves2011ecg_tx009.ttl
goncalves2011ecg\goncalves2011ecg_tx010.ttl
goncalves2011ecg\goncalves2011ecg_tx011.ttl
goncalves2011ecg\goncalves2011ecg_tx012.ttl
goncalves2011ecg\goncalves2011ecg_tx013.ttl
goncalves2011ecg\goncalves2011ecg_tx014.ttl
guarino2016value\guarino2016value_tx001.ttl
guizzardi2005ontological\guizzardi2005ontological_tx001.ttl
guizzardi2005ontological\guizzardi2005ontological_tx003.ttl
guizzardi2005ontological\guizzardi2005ontological_tx004.ttl
guizzardi2005ontological\guizzardi2005ontological_tx005.ttl
guizzardi2020decision-making\guizzardi2020decision-making_tx003.ttl
guizzardi2022ufo\guizzardi2022ufo_tx001.ttl
guizzardi2022ufo\guizzardi2022ufo_tx002.ttl
guizzardi2022ufo\guizzardi2022ufo_tx003.ttl
guizzardi2022ufo\guizzardi2022ufo_tx004.ttl
guizzardi2022ufo\guizzardi2022ufo_tx005.ttl
guizzardi2022ufo\guizzardi2022ufo_tx006.ttl
guizzardi2022ufo\guizzardi2022ufo_tx007.ttl
guizzardi2022ufo\guizzardi2022ufo_tx008.ttl
guizzardi2022ufo\guizzardi2022ufo_tx009.ttl
haridy2021egyptian-e-government\haridy2021egyptian-e-government_tx001.ttl
haridy2021egyptian-e-government\haridy2021egyptian-e-government_tx002.ttl
haridy2021egyptian-e-government\haridy2021egyptian-e-government_tx003.ttl
haridy2021egyptian-e-government\haridy2021egyptian-e-government_tx004.ttl
health-organizations\health-organizations_tx001.ttl
health-organizations\health-organizations_tx002.ttl
idaf2013\idaf2013_tx001.ttl
idaf2013\idaf2013_tx002.ttl
idaf2013\idaf2013_tx003.ttl
idaf2013\idaf2013_tx004.ttl
idaf2013\idaf2013_tx005.ttl
internal-affairs2013\internal-affairs2013_tx001.ttl
internal-affairs2013\internal-affairs2013_tx002.ttl
internal-affairs2013\internal-affairs2013_tx003.ttl
internal-affairs2013\internal-affairs2013_tx004.ttl
internal-affairs2013\internal-affairs2013_tx005.ttl
internal-affairs2013\internal-affairs2013_tx006.ttl
internal-affairs2013\internal-affairs2013_tx007.ttl
it-infrastructure\it-infrastructure_tx001.ttl
it-infrastructure\it-infrastructure_tx002.ttl
it-infrastructure\it-infrastructure_tx003.ttl
it-infrastructure\it-infrastructure_tx004.ttl
it-infrastructure\it-infrastructure_tx005.ttl
it-infrastructure\it-infrastructure_tx006.ttl
it-infrastructure\it-infrastructure_tx007.ttl
jacobs2022sdpontology\jacobs2022sdpontology_tx001.ttl
jacobs2022sdpontology\jacobs2022sdpontology_tx002.ttl
jacobs2022sdpontology\jacobs2022sdpontology_tx003.ttl
jacobs2022sdpontology\jacobs2022sdpontology_tx004.ttl
junior2018o4c\junior2018o4c_tx001.ttl
khantong2020ontology\khantong2020ontology_tx001.ttl
khantong2020ontology\khantong2020ontology_tx002.ttl
khantong2020ontology\khantong2020ontology_tx003.ttl
kostov2017towards\kostov2017towards_tx002.ttl
kritz2020ontobg\kritz2020ontobg_tx004.ttl
kritz2020ontobg\kritz2020ontobg_tx006.ttl
kritz2020ontobg\kritz2020ontobg_tx008.ttl
kritz2020ontobg\kritz2020ontobg_tx009.ttl
kritz2020ontobg\kritz2020ontobg_tx010.ttl
laurier2018rea\laurier2018rea_tx002.ttl
library\library_tx001.ttl
library\library_tx002.ttl
library\library_tx003.ttl
lindeberg2022full-ontorights\lindeberg2022full-ontorights_tx001.ttl
lindeberg2022full-ontorights\lindeberg2022full-ontorights_tx002.ttl
lindeberg2022full-ontorights\lindeberg2022full-ontorights_tx003.ttl
lindeberg2022full-ontorights\lindeberg2022full-ontorights_tx004.ttl
lindeberg2022full-ontorights\lindeberg2022full-ontorights_tx005.ttl
lindeberg2022full-ontorights\lindeberg2022full-ontorights_tx006.ttl
lindeberg2022full-ontorights\lindeberg2022full-ontorights_tx007.ttl
lindeberg2022full-ontorights\lindeberg2022full-ontorights_tx008.ttl
lindeberg2022full-ontorights\lindeberg2022full-ontorights_tx009.ttl
lindeberg2022full-ontorights\lindeberg2022full-ontorights_tx010.ttl
lindeberg2022full-ontorights\lindeberg2022full-ontorights_tx011.ttl
lindeberg2022full-ontorights\lindeberg2022full-ontorights_tx012.ttl
lindeberg2022simple-ontorights\lindeberg2022simple-ontorights_tx001.ttl
lindeberg2022simple-ontorights\lindeberg2022simple-ontorights_tx002.ttl
maddalena2021ontocovid\maddalena2021ontocovid_tx001.ttl
maddalena2021ontocovid\maddalena2021ontocovid_tx002.ttl
maddalena2021ontocovid\maddalena2021ontocovid_tx003.ttl
maddalena2021ontocovid\maddalena2021ontocovid_tx004.ttl
maddalena2021ontocovid\maddalena2021ontocovid_tx005.ttl
maddalena2021ontocovid\maddalena2021ontocovid_tx006.ttl
maddalena2021ontocovid\maddalena2021ontocovid_tx007.ttl
maddalena2021ontocovid\maddalena2021ontocovid_tx009.ttl
maddalena2021ontocovid\maddalena2021ontocovid_tx010.ttl
martinez2013human-genome\martinez2013human-genome_tx001.ttl
martinez2013human-genome\martinez2013human-genome_tx002.ttl
mgic-antt2011\mgic-antt2011_tx002.ttl
mgic-antt2011\mgic-antt2011_tx004.ttl
mgic-antt2011\mgic-antt2011_tx007.ttl
mgic-antt2011\mgic-antt2011_tx008.ttl
mgic-antt2011\mgic-antt2011_tx010.ttl
mgic-antt2011\mgic-antt2011_tx016.ttl
mgic-antt2011\mgic-antt2011_tx017.ttl
mgic-antt2011\mgic-antt2011_tx018.ttl
mgic-antt2011\mgic-antt2011_tx019.ttl
mgic-antt2011\mgic-antt2011_tx020.ttl
mgic-antt2011\mgic-antt2011_tx024.ttl
mgic-antt2011\mgic-antt2011_tx027.ttl
mgic-antt2011\mgic-antt2011_tx028.ttl
mgic-antt2011\mgic-antt2011_tx030.ttl
mgic-antt2011\mgic-antt2011_tx031.ttl
mgic-antt2011\mgic-antt2011_tx037.ttl
mgic-antt2011\mgic-antt2011_tx038.ttl
mgic-antt2011\mgic-antt2011_tx039.ttl
mgic-antt2011\mgic-antt2011_tx040.ttl
mgic-antt2011\mgic-antt2011_tx044.ttl
mgic-antt2011\mgic-antt2011_tx046.ttl
mgic-antt2011\mgic-antt2011_tx047.ttl
mgic-antt2011\mgic-antt2011_tx050.ttl
mgic-antt2011\mgic-antt2011_tx051.ttl
mgic-antt2011\mgic-antt2011_tx054.ttl
mgic-antt2011\mgic-antt2011_tx055.ttl
mgic-antt2011\mgic-antt2011_tx056.ttl
mgic-antt2011\mgic-antt2011_tx057.ttl
mgic-antt2011\mgic-antt2011_tx059.ttl
mgic-antt2011\mgic-antt2011_tx060.ttl
mgic-antt2011\mgic-antt2011_tx061.ttl
mgic-antt2011\mgic-antt2011_tx062.ttl
mgic-antt2011\mgic-antt2011_tx064.ttl
mgic-antt2011\mgic-antt2011_tx065.ttl
mgic-antt2011\mgic-antt2011_tx067.ttl
moreira2018saref4health\moreira2018saref4health_tx004.ttl
moreira2018saref4health\moreira2018saref4health_tx005.ttl
music-ontology\music-ontology_tx001.ttl
music-ontology\music-ontology_tx003.ttl
music-ontology\music-ontology_tx005.ttl
neves2020nwpontology\neves2020nwpontology_tx002.ttl
neves2020nwpontology\neves2020nwpontology_tx003.ttl
neves2020nwpontology\neves2020nwpontology_tx004.ttl
neves2020nwpontology\neves2020nwpontology_tx005.ttl
neves2020nwpontology\neves2020nwpontology_tx006.ttl
neves2021grain-production\neves2021grain-production_tx001.ttl
neves2021grain-production\neves2021grain-production_tx002.ttl
niederkofler2019dssapple\niederkofler2019dssapple_tx002.ttl
niederkofler2019dssapple\niederkofler2019dssapple_tx003.ttl
niederkofler2019dssapple\niederkofler2019dssapple_tx004.ttl
niederkofler2019dssapple\niederkofler2019dssapple_tx006.ttl
oliveira2007collaboration\oliveira2007collaboration_tx002.ttl
oliveira2007collaboration\oliveira2007collaboration_tx004.ttl
oliveira2022rose\oliveira2022rose_tx003.ttl
oliveira2022rose\oliveira2022rose_tx004.ttl
online-mentoring\online-mentoring_tx001.ttl
online-mentoring\online-mentoring_tx002.ttl
online-mentoring\online-mentoring_tx003.ttl
online-mentoring\online-mentoring_tx004.ttl
pereira2015doacao-orgaos\pereira2015doacao-orgaos_tx002.ttl
pereira2015doacao-orgaos\pereira2015doacao-orgaos_tx003.ttl
photography\photography_tx002.ttl
photography\photography_tx003.ttl
plato-ontology2019\plato-ontology2019_tx001.ttl
plato-ontology2019\plato-ontology2019_tx002.ttl
plato-ontology2019\plato-ontology2019_tx003.ttl
plato-ontology2019\plato-ontology2019_tx004.ttl
plato-ontology2019\plato-ontology2019_tx005.ttl
plato-ontology2019\plato-ontology2019_tx006.ttl
plato-ontology2019\plato-ontology2019_tx007.ttl
plato-ontology2019\plato-ontology2019_tx008.ttl
ppo-o2021\ppo-o2021_tx001.ttl
ppo-o2021\ppo-o2021_tx002.ttl
ppo-o2021\ppo-o2021_tx003.ttl
ppo-o2021\ppo-o2021_tx004.ttl
ppo-o2021\ppo-o2021_tx005.ttl
ppo-o2021\ppo-o2021_tx006.ttl
ppo-o2021\ppo-o2021_tx007.ttl
project-management-ontology\project-management-ontology_tx001.ttl
project-management-ontology\project-management-ontology_tx002.ttl
public-expense-ontology2020\public-expense-ontology2020_tx002.ttl
public-expense-ontology2020\public-expense-ontology2020_tx004.ttl
public-expense-ontology2020\public-expense-ontology2020_tx006.ttl
public-expense-ontology2020\public-expense-ontology2020_tx007.ttl
public-expense-ontology2020\public-expense-ontology2020_tx008.ttl
public-tender\public-tender_tx002.ttl
public-tender\public-tender_tx003.ttl
public-tender\public-tender_tx005.ttl
public-tender\public-tender_tx006.ttl
public-tender\public-tender_tx007.ttl
public-tender\public-tender_tx008.ttl
public-tender\public-tender_tx009.ttl
public-tender\public-tender_tx010.ttl
public-tender\public-tender_tx011.ttl
public-tender\public-tender_tx012.ttl
qam\qam_tx001.ttl
qam\qam_tx002.ttl
qam\qam_tx003.ttl
qam\qam_tx004.ttl
qam\qam_tx005.ttl
ramirez2015userfeedback\ramirez2015userfeedback_tx002.ttl
ramirez2015userfeedback\ramirez2015userfeedback_tx003.ttl
ramirez2015userfeedback\ramirez2015userfeedback_tx008.ttl
ramos2021bias\ramos2021bias_tx003.ttl
real-estate-ontology\real-estate-ontology_tx001.ttl
real-estate-ontology\real-estate-ontology_tx002.ttl
recommendation-ontology\recommendation-ontology_tx001.ttl
recommendation-ontology\recommendation-ontology_tx002.ttl
repa2021public-administration\repa2021public-administration_tx003.ttl
rodrigues2017urinary-profiles\rodrigues2017urinary-profiles_tx001.ttl
rodrigues2017urinary-profiles\rodrigues2017urinary-profiles_tx005.ttl
rodrigues2019ontocrime\rodrigues2019ontocrime_tx002.ttl
rodrigues2019turbidite\rodrigues2019turbidite_tx002.ttl
rodrigues2019turbidite\rodrigues2019turbidite_tx003.ttl
romanenko2023what\romanenko2023what_tx001.ttl
romanenko2023what\romanenko2023what_tx002.ttl
romanenko2023what\romanenko2023what_tx003.ttl
romanenko2023what\romanenko2023what_tx004.ttl
romanenko2023what\romanenko2023what_tx005.ttl
romanenko2023what\romanenko2023what_tx006.ttl
sales2018competition\sales2018competition_tx002.ttl
sales2018competition\sales2018competition_tx003.ttl
sales2018competition\sales2018competition_tx005.ttl
sales2018competition\sales2018competition_tx006.ttl
sales2018cover\sales2018cover_tx002.ttl
sales2018cover\sales2018cover_tx003.ttl
santos2020valuenetworks\santos2020valuenetworks_tx003.ttl
sikora2021online-education\sikora2021online-education_tx001.ttl
sikora2021online-education\sikora2021online-education_tx002.ttl
sikora2021online-education\sikora2021online-education_tx003.ttl
sikora2021online-education\sikora2021online-education_tx004.ttl
sikora2021online-education\sikora2021online-education_tx006.ttl
silva2012itarchitecture\silva2012itarchitecture_tx001.ttl
silva2012itarchitecture\silva2012itarchitecture_tx002.ttl
silva2012itarchitecture\silva2012itarchitecture_tx003.ttl
silva2012itarchitecture\silva2012itarchitecture_tx004.ttl
silva2012itarchitecture\silva2012itarchitecture_tx005.ttl
silveira2021oap\silveira2021oap_tx003.ttl
silveira2021oap\silveira2021oap_tx005.ttl
social-contract\social-contract_tx001.ttl
social-contract\social-contract_tx002.ttl
social-contract\social-contract_tx003.ttl
sousa2022triponto\sousa2022triponto_tx001.ttl
sousa2022triponto\sousa2022triponto_tx002.ttl
sousa2022triponto\sousa2022triponto_tx003.ttl
sousa2022triponto\sousa2022triponto_tx005.ttl
sousa2022triponto\sousa2022triponto_tx006.ttl
sousa2022triponto\sousa2022triponto_tx007.ttl
spo2017\spo2017_tx002.ttl
spo2017\spo2017_tx005.ttl
sportbooking2021\sportbooking2021_tx001.ttl
sportbooking2021\sportbooking2021_tx002.ttl
sportbooking2021\sportbooking2021_tx003.ttl
sportbooking2021\sportbooking2021_tx004.ttl
srro-ontology\srro-ontology_tx001.ttl
srro-ontology\srro-ontology_tx002.ttl
stock-broker2021\stock-broker2021_tx001.ttl
tourbo2021\tourbo2021_tx001.ttl
tourbo2021\tourbo2021_tx002.ttl
tourbo2021\tourbo2021_tx003.ttl
tourbo2021\tourbo2021_tx004.ttl
tourbo2021\tourbo2021_tx005.ttl
tourbo2021\tourbo2021_tx007.ttl
tourbo2021\tourbo2021_tx008.ttl
unimatch-ontology2022\unimatch-ontology2022_tx001.ttl
unimatch-ontology2022\unimatch-ontology2022_tx002.ttl
unimatch-ontology2022\unimatch-ontology2022_tx003.ttl
university-ontology\university-ontology_tx002.ttl
university-ontology\university-ontology_tx003.ttl
valaski2020medical-appointment\valaski2020medical-appointment_tx001.ttl
van-wingerde2020smart-contracts\van-wingerde2020smart-contracts_tx002.ttl
van-wingerde2020smart-contracts\van-wingerde2020smart-contracts_tx004.ttl
vieira2020weathering\vieira2020weathering_tx001.ttl
vieira2020weathering\vieira2020weathering_tx002.ttl
zanetti2019orm-o\zanetti2019orm-o_tx001.ttl
zanetti2019orm-o\zanetti2019orm-o_tx004.ttl
zanetti2019orm-o\zanetti2019orm-o_tx005.ttl